ts_ms,side,fill_price,mid_at_fill,px_1h,px_2h,px_4h,px_8h,px_12h
1785470400000,ask,0.2334615,0.2323,0.2326,0.2326,0.2324,0.2326,0.2318
1785481200000,ask,0.23376299999999997,0.2326,0.2324,0.231,0.2321,0.2307,0.2305
1785484800000,bid,0.232631,0.2338,0.231,0.2327,0.2326,0.2318,0.2305
1785488400000,bid,0.231238,0.2324,0.2327,0.2321,0.2304,0.2319,0.2302
1785492000000,ask,0.23215499999999997,0.231,0.2321,0.2326,0.231,0.2312,0.2294
1785502800000,bid,0.231437,0.2326,0.231,0.2307,0.2319,0.2302,0.2319
1785506400000,ask,0.23155199999999998,0.2304,0.2307,0.2318,0.2312,0.2294,0.2319
1785542400000,ask,0.23074799999999998,0.2296,0.2319,0.2319,0.2331,0.2402,0.2377
1785560400000,ask,0.2342655,0.2331,0.2385,0.2376,0.2407,0.2397,0.2375
1785571200000,ask,0.23878799999999997,0.2376,0.2407,0.2394,0.2377,0.2393,0.2354
1785578400000,bid,0.2394965,0.2407,0.2397,0.2377,0.2397,0.2364,0.2364
1785582000000,bid,0.238203,0.2394,0.2377,0.2397,0.2397,0.2367,0.2367
1785589200000,ask,0.23888849999999998,0.2377,0.2397,0.2397,0.2375,0.2374,0.2369
1785592800000,bid,0.2385015,0.2397,0.2397,0.2393,0.2364,0.2364,0.2379
1785596400000,ask,0.24089849999999996,0.2397,0.2393,0.2375,0.2367,0.2367,0.2373
1785600000000,bid,0.2385015,0.2397,0.2375,0.2364,0.2354,0.2367,0.237
1785600000000,ask,0.24089849999999996,0.2397,0.2375,0.2364,0.2354,0.2367,0.237
1785603600000,bid,0.23810350000000002,0.2393,0.2364,0.2367,0.2374,0.2369,0.2368
1785614400000,bid,0.2355165,0.2367,0.2374,0.2364,0.2367,0.237,0.2382
1785618000000,ask,0.23657699999999998,0.2354,0.2364,0.2367,0.2369,0.2368,0.2383
1785628800000,bid,0.2355165,0.2367,0.2369,0.2379,0.237,0.2382,0.2394
1785636000000,ask,0.23808449999999998,0.2369,0.2373,0.237,0.2359,0.2389,0.239
1785650400000,bid,0.23561600000000002,0.2368,0.2379,0.2382,0.2389,0.239,0.2382
1785654000000,ask,0.23707949999999997,0.2359,0.2382,0.2383,0.2391,0.2389,0.2381
1785675600000,bid,0.238203,0.2394,0.239,0.2389,0.2379,0.2393,0.2367
1785686400000,bid,0.23770550000000001,0.2389,0.2379,0.2382,0.2381,0.2373,0.2357
1785700800000,ask,0.2392905,0.2381,0.2393,0.2378,0.2373,0.2357,0.2352
1785708000000,bid,0.23810350000000002,0.2393,0.2382,0.2373,0.2362,0.2352,0.236
1785715200000,bid,0.237009,0.2382,0.2367,0.2362,0.2357,0.2352,0.2372
1785726000000,bid,0.235019,0.2362,0.2357,0.2381,0.2342,0.2361,0.2396
1785729600000,ask,0.23577299999999998,0.2346,0.2381,0.2352,0.2352,0.2372,0.2397
1785733200000,ask,0.23687849999999996,0.2357,0.2352,0.2342,0.2348,0.2399,0.2394
1785736800000,bid,0.2369095,0.2381,0.2342,0.2352,0.236,0.2383,0.2387
1785744000000,ask,0.23537099999999997,0.2342,0.2348,0.236,0.2372,0.2397,0.2379
1785754800000,ask,0.23717999999999997,0.236,0.2372,0.2399,0.2396,0.2376,0.2368
1785765600000,bid,0.2387005,0.2399,0.2396,0.2397,0.2387,0.2376,0.2371
1785769200000,ask,0.2394915,0.2383,0.2397,0.2394,0.2376,0.2368,0.2358
1785772800000,bid,0.238402,0.2396,0.2394,0.2387,0.2379,0.2375,0.2353
1785783600000,bid,0.23750649999999998,0.2387,0.2379,0.2378,0.2368,0.2358,0.234
1785808800000,ask,0.237582,0.2364,0.2358,0.2353,0.2339,0.2348,0.2367
1785812400000,bid,0.2359145,0.2371,0.2353,0.2347,0.234,0.2357,0.2368
1785830400000,ask,0.23517,0.234,0.2353,0.2348,0.2361,0.2361,0.2372
1785852000000,bid,0.23531749999999999,0.2365,0.2368,0.2361,0.2355,0.2385,0.239
1785870000000,ask,0.23667749999999996,0.2355,0.2372,0.2376,0.2374,0.2365,0.239
1785891600000,ask,0.23888849999999998,0.2377,0.239,0.2365,0.2376,0.2368,0.2345
1785898800000,bid,0.237805,0.239,0.2375,0.2376,0.239,0.2363,0.2348
1785902400000,ask,0.23768249999999996,0.2365,0.2376,0.2389,0.2378,0.2368,0.2356
1785916800000,bid,0.237805,0.239,0.2368,0.2364,0.2368,0.2356,0.2362
1785927600000,bid,0.235218,0.2364,0.2368,0.2345,0.2348,0.2348,0.2342
1785931200000,ask,0.23748149999999998,0.2363,0.2345,0.2341,0.2356,0.2362,0.2355
1785934800000,bid,0.23561600000000002,0.2368,0.2341,0.2348,0.2351,0.2342,0.2347
1785942000000,ask,0.23527049999999997,0.2341,0.2356,0.2351,0.2348,0.2342,0.2383
1785945600000,ask,0.235974,0.2348,0.2351,0.2362,0.2362,0.2355,0.2408
1785956400000,bid,0.235019,0.2362,0.2362,0.2342,0.2342,0.2383,0.2445
1785960000000,ask,0.235974,0.2348,0.2342,0.2349,0.2355,0.2408,0.2447
1785963600000,bid,0.235019,0.2362,0.2349,0.2342,0.2347,0.2468,0.2493
1785967200000,ask,0.23537099999999997,0.2342,0.2342,0.2355,0.2356,0.2464,0.246
1785970800000,bid,0.2337255,0.2349,0.2355,0.2347,0.2383,0.2445,0.2492
1785974400000,ask,0.23537099999999997,0.2342,0.2347,0.2356,0.2408,0.2447,0.2483
1785978000000,bid,0.2343225,0.2355,0.2356,0.2383,0.2468,0.2493,0.2496
1785981600000,ask,0.23587349999999996,0.2347,0.2383,0.2408,0.2464,0.246,0.2501
1785985200000,ask,0.236778,0.2356,0.2408,0.2468,0.2445,0.2492,0.2481
1785996000000,bid,0.24556599999999998,0.2468,0.2445,0.2447,0.246,0.2501,0.2469
1786003200000,ask,0.24572249999999998,0.2445,0.2493,0.246,0.2483,0.2488,0.246
1786006800000,ask,0.24592349999999996,0.2447,0.246,0.2492,0.2496,0.247,0.2466
1786010400000,bid,0.24805349999999998,0.2493,0.2492,0.2483,0.2501,0.2469,0.2473
1786014000000,ask,0.24722999999999998,0.246,0.2483,0.2496,0.2481,0.2462,0.2466
1786024800000,bid,0.248352,0.2496,0.2481,0.2488,0.2469,0.2473,0.2465
1786032000000,ask,0.24934049999999996,0.2481,0.247,0.2469,0.246,0.2467,0.2455
1786035600000,bid,0.247556,0.2488,0.2469,0.2462,0.2466,0.2486,0.2498
1786046400000,ask,0.24743099999999998,0.2462,0.2466,0.2473,0.2467,0.2455,0.248
1786064400000,ask,0.24793349999999997,0.2467,0.2465,0.2465,0.2498,0.2467,0.2469
1786068000000,bid,0.247357,0.2486,0.2465,0.2455,0.2504,0.2465,0.2458
1786071600000,ask,0.24773249999999997,0.2465,0.2455,0.2498,0.2499,0.2478,0.247
1786075200000,bid,0.2452675,0.2465,0.2498,0.2504,0.248,0.2485,0.2447
1786078800000,ask,0.24672749999999996,0.2455,0.2504,0.2499,0.2467,0.2469,0.2447
1786089600000,bid,0.2486505,0.2499,0.2467,0.2465,0.2485,0.2447,0.2443
1786100400000,ask,0.24773249999999997,0.2465,0.2485,0.2469,0.247,0.2452,0.2441
1786104000000,bid,0.246561,0.2478,0.2469,0.2458,0.2447,0.2443,0.2457
1786107600000,bid,0.2472575,0.2485,0.2458,0.247,0.2447,0.2447,0.2469
1786118400000,bid,0.24576499999999998,0.247,0.2447,0.2447,0.2443,0.2457,0.2463
1786147200000,ask,0.2453205,0.2441,0.2469,0.2501,0.2463,0.2456,0.2459
1786158000000,bid,0.2488495,0.2501,0.2463,0.2451,0.2454,0.2463,0.2471
1786190400000,bid,0.2450685,0.2463,0.245,0.247,0.248,0.246,0.2446
1786197600000,ask,0.24622499999999997,0.245,0.2471,0.248,0.2468,0.2453,0.2466
1786204800000,ask,0.24833549999999996,0.2471,0.2479,0.2468,0.246,0.2446,0.2485
1786226400000,bid,0.245168,0.2464,0.2458,0.2446,0.2466,0.2488,0.248
1786237200000,ask,0.24582299999999999,0.2446,0.2466,0.2477,0.2482,0.2485,0.2469
1786251600000,bid,0.2472575,0.2485,0.2488,0.247,0.2485,0.2469,0.2518
1786262400000,bid,0.24576499999999998,0.247,0.2485,0.248,0.2492,0.2518,0.2523
1786266000000,ask,0.24642599999999998,0.2452,0.248,0.2484,0.2469,0.2518,0.2503
1786273200000,ask,0.24923999999999996,0.248,0.2492,0.2469,0.2499,0.251,0.2465
1786280400000,bid,0.247954,0.2492,0.2483,0.2499,0.2518,0.2503,0.249
1786284000000,ask,0.24813449999999998,0.2469,0.2499,0.2518,0.2503,0.2482,0.2476
1786298400000,bid,0.250541,0.2518,0.251,0.2523,0.2482,0.2476,0.2449
1786302000000,ask,0.2515515,0.2503,0.2523,0.2503,0.2465,0.2474,0.2448
1786305600000,bid,0.249745,0.251,0.2503,0.2482,0.2483,0.2464,0.2431
1786305600000,ask,0.25225499999999995,0.251,0.2503,0.2482,0.2483,0.2464,0.2431
1786309200000,bid,0.2510385,0.2523,0.2482,0.2465,0.249,0.2465,0.2434
1786320000000,ask,0.24773249999999997,0.2465,0.249,0.2476,0.2464,0.2431,0.2416
1786327200000,bid,0.247755,0.249,0.2474,0.2464,0.2449,0.2437,0.24
1786341600000,bid,0.2452675,0.2465,0.2448,0.2431,0.2437,0.24,0.2396
1786363200000,bid,0.24238200000000001,0.2436,0.2417,0.24,0.2376,0.2381,0.2374
1786366800000,ask,0.242808,0.2416,0.24,0.2391,0.2393,0.2373,0.2378
1786370400000,bid,0.2404915,0.2417,0.2391,0.2376,0.2396,0.238,0.2382
1786381200000,ask,0.23878799999999997,0.2376,0.2396,0.2388,0.2373,0.2378,0.2377
1786388400000,bid,0.238402,0.2396,0.2381,0.2373,0.2372,0.2387,0.2365
1786395600000,bid,0.2369095,0.2381,0.238,0.2372,0.2378,0.2377,0.2365
1786417200000,ask,0.23939099999999996,0.2382,0.2377,0.2377,0.2365,0.2372,0.2341
1786420800000,bid,0.23750649999999998,0.2387,0.2377,0.2365,0.2372,0.2362,0.236
1786428000000,bid,0.23651149999999999,0.2377,0.2365,0.2372,0.2369,0.2339,0.2334
1786431600000,ask,0.23768249999999996,0.2365,0.2372,0.2365,0.2372,0.2341,0.234
1786442400000,ask,0.23768249999999996,0.2365,0.2372,0.2362,0.2339,0.2334,0.2344
1786449600000,bid,0.236014,0.2372,0.2376,0.2339,0.236,0.2342,0.2345
1786453200000,ask,0.23738099999999998,0.2362,0.2339,0.2341,0.2342,0.2339,0.2336
1786456800000,bid,0.236412,0.2376,0.2341,0.236,0.2334,0.2344,0.2355
1786460400000,bid,0.2327305,0.2339,0.236,0.2342,0.234,0.2343,0.235
1786460400000,ask,0.23506949999999996,0.2339,0.236,0.2342,0.234,0.2343,0.235
1786464000000,ask,0.23527049999999997,0.2341,0.2342,0.2334,0.2342,0.2345,0.235
1786467600000,bid,0.23481999999999997,0.236,0.2334,0.234,0.2339,0.2336,0.235
1786471200000,bid,0.233029,0.2342,0.234,0.2342,0.2344,0.2355,0.2351
1786492800000,ask,0.23547149999999997,0.2343,0.2336,0.2355,0.235,0.2327,0.2354
1786496400000,bid,0.2333275,0.2345,0.2355,0.235,0.235,0.2339,0.2345
1786500000000,ask,0.23476799999999998,0.2336,0.235,0.235,0.2351,0.2345,0.2323
1786521600000,bid,0.2341235,0.2353,0.2339,0.2345,0.2354,0.2306,0.2302
1786525200000,ask,0.23386349999999997,0.2327,0.2345,0.2346,0.2345,0.2307,0.2299
1786536000000,ask,0.23577299999999998,0.2346,0.2345,0.2323,0.2306,0.2302,0.2348
1786543200000,bid,0.2333275,0.2345,0.2314,0.2306,0.2305,0.2323,0.2439
1786546800000,bid,0.2311385,0.2323,0.2306,0.2307,0.2303,0.2332,0.2436
1786572000000,ask,0.23104949999999996,0.2299,0.2332,0.2348,0.2439,0.2406,0.239
1786582800000,ask,0.235974,0.2348,0.2439,0.2436,0.2405,0.2387,0.2366
1786593600000,bid,0.24238200000000001,0.2436,0.2405,0.2406,0.2399,0.2374,0.234
1786600800000,ask,0.24170249999999996,0.2405,0.2425,0.2399,0.239,0.2387,0.2354
1786604400000,ask,0.241803,0.2406,0.2399,0.2387,0.2372,0.2366,0.2358
1786608000000,bid,0.2412875,0.2425,0.2387,0.239,0.2374,0.234,0.2351
1786611600000,bid,0.2387005,0.2399,0.239,0.2372,0.2366,0.2349,0.2353
1786618800000,ask,0.24019499999999996,0.239,0.2374,0.2366,0.2366,0.2358,0.2356
1786622400000,ask,0.23838599999999996,0.2372,0.2366,0.2387,0.234,0.2351,0.2344
1786633200000,bid,0.23750649999999998,0.2387,0.234,0.2349,0.2358,0.2356,0.235
1786640400000,ask,0.23517,0.234,0.2354,0.2358,0.2353,0.2345,0.2346
1786644000000,bid,0.2337255,0.2349,0.2358,0.2351,0.2348,0.2352,0.2323
1786644000000,ask,0.23607449999999996,0.2349,0.2358,0.2351,0.2348,0.2352,0.2323
1786651200000,bid,0.234621,0.2358,0.2353,0.2348,0.2344,0.2345,0.2328
1786665600000,bid,0.234422,0.2356,0.2345,0.2352,0.2345,0.2328,0.2313
1786676400000,bid,0.23402399999999998,0.2352,0.2345,0.2346,0.2309,0.2311,0.2344
1786687200000,bid,0.233427,0.2346,0.2309,0.2328,0.2313,0.2307,0.2347
1786694400000,ask,0.23205449999999997,0.2309,0.2307,0.2313,0.2313,0.2365,0.2345
1786698000000,bid,0.231636,0.2328,0.2313,0.2311,0.2313,0.2361,0.2347
1786719600000,ask,0.23185349999999996,0.2307,0.2365,0.2361,0.2345,0.234,0.2324
1786726800000,bid,0.23531749999999999,0.2365,0.2347,0.2345,0.2347,0.2329,0.2331
1786730400000,bid,0.2349195,0.2361,0.2345,0.2345,0.2341,0.2333,0.2335
1786744800000,bid,0.2335265,0.2347,0.234,0.234,0.2333,0.2335,0.2354
1786755600000,bid,0.23283,0.234,0.2333,0.2324,0.2331,0.236,0.2376
1786780800000,ask,0.23456699999999997,0.2334,0.236,0.2354,0.237,0.2349,0.2355
1786791600000,ask,0.23657699999999998,0.2354,0.237,0.2376,0.2359,0.2355,0.2355
1786802400000,bid,0.236412,0.2376,0.2359,0.2349,0.2358,0.2353,0.2369
1786816800000,ask,0.23577299999999998,0.2346,0.2355,0.2355,0.2353,0.2369,0.2358
1786838400000,ask,0.23667749999999996,0.2355,0.2362,0.2369,0.2363,0.2392,0.2428
1786856400000,bid,0.2351185,0.2363,0.2358,0.2383,0.2441,0.243,0.2406
1786863600000,ask,0.236979,0.2358,0.2392,0.2441,0.2402,0.2431,0.2427
1786867200000,ask,0.2394915,0.2383,0.2441,0.2431,0.2428,0.2408,0.241
1786874400000,bid,0.2428795,0.2441,0.2402,0.2428,0.2433,0.2424,0.241
1786878000000,bid,0.2418845,0.2431,0.2428,0.243,0.2431,0.2427,0.241
1786881600000,ask,0.24140099999999998,0.2402,0.243,0.2433,0.2408,0.241,0.2395
1786896000000,bid,0.2418845,0.2431,0.2406,0.2424,0.241,0.2395,0.243
1786903200000,ask,0.241803,0.2406,0.2427,0.241,0.241,0.2431,0.2417
1786910400000,bid,0.2414865,0.2427,0.2411,0.241,0.2395,0.243,0.2412
1786914000000,ask,0.24220499999999998,0.241,0.241,0.241,0.243,0.2422,0.2422
1786924800000,bid,0.23979499999999998,0.241,0.243,0.2431,0.243,0.2412,0.2401
1786928400000,ask,0.24069749999999995,0.2395,0.2431,0.242,0.2422,0.2422,0.2411
1786939200000,ask,0.24320999999999995,0.242,0.2422,0.2417,0.2412,0.2401,0.2393
1786946400000,bid,0.240989,0.2422,0.2417,0.2412,0.2416,0.2413,0.239
1786960800000,bid,0.240989,0.2422,0.241,0.2401,0.2413,0.239,0.238
1786978800000,bid,0.2400935,0.2413,0.2393,0.2391,0.2393,0.239,0.2357
1787000400000,bid,0.2387005,0.2399,0.238,0.239,0.2368,0.2382,0.2358
1787007600000,ask,0.23918999999999996,0.238,0.2381,0.2368,0.2357,0.2361,0.2375
1787011200000,bid,0.237805,0.239,0.2368,0.2356,0.237,0.2362,0.2374
1787025600000,ask,0.23687849999999996,0.2357,0.2382,0.2368,0.2362,0.2374,0.2427
1787032800000,bid,0.237009,0.2382,0.2361,0.2362,0.236,0.2373,0.2421
1787043600000,bid,0.235019,0.2362,0.236,0.2375,0.2362,0.2414,0.2409
1787050800000,ask,0.23717999999999997,0.236,0.2374,0.2362,0.2442,0.2415,0.2412
1787058000000,bid,0.236213,0.2374,0.2373,0.2442,0.2414,0.2409,0.2432
1787061600000,ask,0.23738099999999998,0.2362,0.2442,0.2427,0.2421,0.2413,0.2426
1787065200000,bid,0.2361135,0.2373,0.2427,0.2414,0.2415,0.2412,0.2422
1787065200000,ask,0.2384865,0.2373,0.2427,0.2414,0.2415,0.2412,0.2422
1787068800000,bid,0.242979,0.2442,0.2414,0.2421,0.2413,0.2433,0.2416
1787072400000,ask,0.24391349999999998,0.2427,0.2421,0.2415,0.2409,0.2432,0.2441
1787076000000,ask,0.242607,0.2414,0.2415,0.2413,0.2413,0.2426,0.2421
1787090400000,ask,0.24210449999999997,0.2409,0.2412,0.2433,0.2426,0.2421,0.2388
1787112000000,bid,0.240989,0.2422,0.2441,0.2421,0.2396,0.2398,0.247
1787115600000,ask,0.242808,0.2416,0.2421,0.2404,0.2384,0.2407,0.2463
1787119200000,bid,0.2428795,0.2441,0.2404,0.2396,0.2388,0.244,0.2464
1787130000000,bid,0.238402,0.2396,0.2388,0.2368,0.2407,0.2463,0.2595
1787140800000,ask,0.23798399999999997,0.2368,0.2407,0.244,0.247,0.2553,0.2739
1787151600000,ask,0.24521999999999997,0.244,0.247,0.2463,0.2468,0.2605,0.2651
1787158800000,bid,0.24576499999999998,0.247,0.2464,0.2468,0.2595,0.2739,0.262
1787169600000,ask,0.24803399999999998,0.2468,0.2595,0.2612,0.2739,0.2628,0.268
1787180400000,bid,0.259894,0.2612,0.2739,0.2739,0.2651,0.2654,0.264
1787184000000,ask,0.2618025,0.2605,0.2739,0.2664,0.2628,0.268,0.2651
1787187600000,bid,0.27253049999999995,0.2739,0.2664,0.2651,0.262,0.2677,0.2648
1787187600000,ask,0.27526949999999994,0.2739,0.2664,0.2651,0.262,0.2677,0.2648
1787191200000,bid,0.27253049999999995,0.2739,0.2651,0.2628,0.2644,0.2662,0.265
1787191200000,ask,0.27526949999999994,0.2739,0.2651,0.2628,0.2644,0.2662,0.265
1787194800000,bid,0.265068,0.2664,0.2628,0.262,0.2654,0.264,0.2661
1787205600000,ask,0.26331,0.262,0.2654,0.268,0.2662,0.265,0.2682
1787209200000,bid,0.26307800000000003,0.2644,0.268,0.2677,0.264,0.2661,0.2673
1787212800000,ask,0.266727,0.2654,0.2677,0.2662,0.2651,0.2697,0.27
1787220000000,bid,0.2663615,0.2677,0.264,0.2651,0.265,0.2682,
1787223600000,bid,0.26486899999999997,0.2662,0.2651,0.2648,0.2661,0.2673,
1787234400000,ask,0.26612399999999997,0.2648,0.2661,0.2697,0.2682,,
1787245200000,ask,0.27104849999999997,0.2697,0.2682,0.2673,0.2717,,
1787248800000,bid,0.269645,0.271,0.2673,0.27,,,
1787252400000,bid,0.266859,0.2682,0.27,0.2717,,,
1787256000000,ask,0.26863649999999994,0.2673,0.2717,,,,
1787259600000,ask,0.27135,0.27,,,,,
